test_time	commit	tool	problem	instance	ans	elapsed	seed	threads	generations	exchange-interval	exchange-count	pop-count	pop-size	elite	mutant	rhoe	decode	fast-decode	log-step	convergence	system	cpu	host-memory	gpu	gpu-memory	nvcc	g++
2022-05-13T22:13:10	dc3307dd03826c4cff76e6d71fbe41f17ccb8dc3	brkga-cuda	cvrp	X-n219-k73	136048.000	2.485	1	256	1000	50	2	3	256	0.1	0.1	0.75	host	0	25	[173345,155538,148718,147059,146632,145476,144966,144769,144109,143857,142581,141971,141104,140653,140424,139926,139672,139228,139054,138855,138745,138614,138534,138403,138272,137957,137753,137519,137481,137445,137445,137184,137149,136986,136986,136971,136971,136524,136524,136224,136048]	#90-Ubuntu SMP Fri Jul 9 22:49:44 UTC 2021	Intel(R) Core(TM) i7-7820X CPU @ 3.60GHz	64020MiB	NVIDIA Corporation GP104 [GeForce GTX 1070] (rev a1)	 GP104 [GeForce GTX 1070]	V11.2.152	g++ (Ubuntu 9.4.0-1ubuntu1~20.04.1) 9.4.0
2022-05-13T22:13:10	dc3307dd03826c4cff76e6d71fbe41f17ccb8dc3	gpu-brkga	cvrp	X-n219-k73	142251.000	1.292	1	256	1000	50	2	3	256	0.1	0.1	0.75	host	0	25	[172591,163963,156592,153181,150750,149122,147676,146963,146771,146646,146124,145561,145112,144962,144935,144591,144527,144527,144527,144527,144489,144397,143766,143766,143766,143454,143454,143429,143405,143362,143318,143167,143167,143167,143142,142782,142367,142367,142251,142251,142251]	#90-Ubuntu SMP Fri Jul 9 22:49:44 UTC 2021	Intel(R) Core(TM) i7-7820X CPU @ 3.60GHz	64020MiB	NVIDIA Corporation GP104 [GeForce GTX 1070] (rev a1)	 GP104 [GeForce GTX 1070]	V11.2.152	g++ (Ubuntu 9.4.0-1ubuntu1~20.04.1) 9.4.0
2022-05-13T22:13:10	dc3307dd03826c4cff76e6d71fbe41f17ccb8dc3	gpu-brkga-fixed	cvrp	X-n219-k73	138295.000	1.276	1	256	1000	50	2	3	256	0.1	0.1	0.75	host	0	25	[172591,163115,153077,148930,147942,146824,146491,144822,144818,144303,143870,143027,142967,142175,142026,141036,140893,140612,140514,140281,140004,139696,139352,139218,139125,138951,138951,138917,138917,138791,138791,138575,138575,138575,138530,138530,138530,138298,138295,138295,138295]	#90-Ubuntu SMP Fri Jul 9 22:49:44 UTC 2021	Intel(R) Core(TM) i7-7820X CPU @ 3.60GHz	64020MiB	NVIDIA Corporation GP104 [GeForce GTX 1070] (rev a1)	 GP104 [GeForce GTX 1070]	V11.2.152	g++ (Ubuntu 9.4.0-1ubuntu1~20.04.1) 9.4.0
2022-05-13T22:13:10	dc3307dd03826c4cff76e6d71fbe41f17ccb8dc3	brkga-api	cvrp	X-n219-k73	138087.000	3.420	1	256	1000	50	2	3	256	0.1	0.1	0.75	host	0	25	[inf,154038,147615,145708,145442,145047,144589,143527,143301,143058,142937,142481,142438,142124,142086,141628,141456,140655,140477,140341,140283,140189,140130,140083,140083,140052,139923,139227,139227,139081,138966,138961,138912,138558,138558,138316,138316,138102,138088,138087,138087]	#90-Ubuntu SMP Fri Jul 9 22:49:44 UTC 2021	Intel(R) Core(TM) i7-7820X CPU @ 3.60GHz	64020MiB	NVIDIA Corporation GP104 [GeForce GTX 1070] (rev a1)	 GP104 [GeForce GTX 1070]	V11.2.152	g++ (Ubuntu 9.4.0-1ubuntu1~20.04.1) 9.4.0
2022-05-13T22:13:10	dc3307dd03826c4cff76e6d71fbe41f17ccb8dc3	brkga-cuda	cvrp	X-n266-k58	101393.000	2.166	1	256	1000	50	2	3	256	0.1	0.1	0.75	host	0	25	[146110,130388,121418,119959,119129,117547,116191,115213,113374,112021,111714,111250,110559,109418,108879,106803,106334,105067,104995,104552,104552,104067,103919,103132,102908,102850,102850,102704,102675,102266,102265,101806,101806,101754,101750,101750,101664,101559,101559,101512,101393]	#90-Ubuntu SMP Fri Jul 9 22:49:44 UTC 2021	Intel(R) Core(TM) i7-7820X CPU @ 3.60GHz	64020MiB	NVIDIA Corporation GP104 [GeForce GTX 1070] (rev a1)	 GP104 [GeForce GTX 1070]	V11.2.152	g++ (Ubuntu 9.4.0-1ubuntu1~20.04.1) 9.4.0
2022-05-13T22:13:10	dc3307dd03826c4cff76e6d71fbe41f17ccb8dc3	gpu-brkga	cvrp	X-n266-k58	105454.000	1.616	1	256	1000	50	2	3	256	0.1	0.1	0.75	host	0	25	[147337,137135,126451,120996,118578,117040,115924,114600,114021,113297,113160,111991,111450,111109,110835,110740,110556,109801,109729,109291,109262,109053,108968,108697,108560,108349,107769,107703,107379,106905,106843,106758,106626,106463,106225,106176,106176,105959,105629,105506,105454]	#90-Ubuntu SMP Fri Jul 9 22:49:44 UTC 2021	Intel(R) Core(TM) i7-7820X CPU @ 3.60GHz	64020MiB	NVIDIA Corporation GP104 [GeForce GTX 1070] (rev a1)	 GP104 [GeForce GTX 1070]	V11.2.152	g++ (Ubuntu 9.4.0-1ubuntu1~20.04.1) 9.4.0
2022-05-13T22:13:10	dc3307dd03826c4cff76e6d71fbe41f17ccb8dc3	gpu-brkga-fixed	cvrp	X-n266-k58	101368.000	1.538	1	256	1000	50	2	3	256	0.1	0.1	0.75	host	0	25	[147337,134633,125949,120093,117803,116742,115103,114463,113929,113733,112832,111992,110788,110178,110064,109491,108478,107681,107525,106341,106052,105017,104790,104164,104091,103774,103688,103524,103293,102965,102918,102555,102318,101814,101814,101651,101651,101500,101500,101479,101368]	#90-Ubuntu SMP Fri Jul 9 22:49:44 UTC 2021	Intel(R) Core(TM) i7-7820X CPU @ 3.60GHz	64020MiB	NVIDIA Corporation GP104 [GeForce GTX 1070] (rev a1)	 GP104 [GeForce GTX 1070]	V11.2.152	g++ (Ubuntu 9.4.0-1ubuntu1~20.04.1) 9.4.0
2022-05-13T22:13:10	dc3307dd03826c4cff76e6d71fbe41f17ccb8dc3	brkga-api	cvrp	X-n266-k58	100032.000	4.049	1	256	1000	50	2	3	256	0.1	0.1	0.75	host	0	25	[inf,129487,119225,117096,115971,114860,113592,112317,112040,110958,109967,108917,108161,107383,106871,105504,105035,104152,103951,103216,102772,102120,101568,100866,100770,100676,100639,100476,100461,100411,100342,100294,100294,100271,100271,100271,100271,100259,100252,100113,100032]	#90-Ubuntu SMP Fri Jul 9 22:49:44 UTC 2021	Intel(R) Core(TM) i7-7820X CPU @ 3.60GHz	64020MiB	NVIDIA Corporation GP104 [GeForce GTX 1070] (rev a1)	 GP104 [GeForce GTX 1070]	V11.2.152	g++ (Ubuntu 9.4.0-1ubuntu1~20.04.1) 9.4.0
2022-05-13T22:13:10	dc3307dd03826c4cff76e6d71fbe41f17ccb8dc3	brkga-cuda	cvrp	X-n317-k53	103741.000	2.493	1	256	1000	50	2	3	256	0.1	0.1	0.75	host	0	25	[180077,140129,126443,124187,122635,120782,119040,117937,117222,116445,115912,115433,115231,114212,112992,112503,111889,111104,110784,108988,108910,108345,108259,107301,107174,106799,106591,105979,105774,105495,105414,105143,105074,104762,104579,104502,104471,104454,104151,104038,103741]	#90-Ubuntu SMP Fri Jul 9 22:49:44 UTC 2021	Intel(R) Core(TM) i7-7820X CPU @ 3.60GHz	64020MiB	NVIDIA Corporation GP104 [GeForce GTX 1070] (rev a1)	 GP104 [GeForce GTX 1070]	V11.2.152	g++ (Ubuntu 9.4.0-1ubuntu1~20.04.1) 9.4.0
2022-05-13T22:13:10	dc3307dd03826c4cff76e6d71fbe41f17ccb8dc3	gpu-brkga	cvrp	X-n317-k53	108342.000	1.814	1	256	1000	50	2	3	256	0.1	0.1	0.75	host	0	25	[174672,155410,137370,129083,126050,124466,122459,121003,120127,119720,118260,115810,114519,113871,113526,112640,112607,111868,111548,111451,111108,110719,110623,110365,110230,110212,110212,110203,109990,109985,109870,109870,109819,109683,109563,109358,109358,109251,109208,108675,108342]	#90-Ubuntu SMP Fri Jul 9 22:49:44 UTC 2021	Intel(R) Core(TM) i7-7820X CPU @ 3.60GHz	64020MiB	NVIDIA Corporation GP104 [GeForce GTX 1070] (rev a1)	 GP104 [GeForce GTX 1070]	V11.2.152	g++ (Ubuntu 9.4.0-1ubuntu1~20.04.1) 9.4.0
2022-05-13T22:13:10	dc3307dd03826c4cff76e6d71fbe41f17ccb8dc3	gpu-brkga-fixed	cvrp	X-n317-k53	98826.000	1.827	1	256	1000	50	2	3	256	0.1	0.1	0.75	host	0	25	[174672,153381,134567,124746,120778,119431,116965,114402,113033,111178,110388,108534,108317,107288,107078,106282,106229,105155,105131,104401,104048,102686,102585,101664,101597,101089,101010,100632,100578,100496,100432,100338,100167,99670,99645,99251,99251,99068,99067,98826,98826]	#90-Ubuntu SMP Fri Jul 9 22:49:44 UTC 2021	Intel(R) Core(TM) i7-7820X CPU @ 3.60GHz	64020MiB	NVIDIA Corporation GP104 [GeForce GTX 1070] (rev a1)	 GP104 [GeForce GTX 1070]	V11.2.152	g++ (Ubuntu 9.4.0-1ubuntu1~20.04.1) 9.4.0
2022-05-13T22:13:10	dc3307dd03826c4cff76e6d71fbe41f17ccb8dc3	brkga-api	cvrp	X-n317-k53	102887.000	4.809	1	256	1000	50	2	3	256	0.1	0.1	0.75	host	0	25	[inf,141139,125415,121387,119602,118380,115974,114499,114264,113483,112540,111543,110772,108371,107954,106794,106750,106265,106255,105906,105593,104882,104769,104632,104632,104495,104271,104006,103946,103937,103853,103782,103652,103621,103529,103504,103329,103106,103048,102887,102887]	#90-Ubuntu SMP Fri Jul 9 22:49:44 UTC 2021	Intel(R) Core(TM) i7-7820X CPU @ 3.60GHz	64020MiB	NVIDIA Corporation GP104 [GeForce GTX 1070] (rev a1)	 GP104 [GeForce GTX 1070]	V11.2.152	g++ (Ubuntu 9.4.0-1ubuntu1~20.04.1) 9.4.0
2022-05-13T22:13:10	dc3307dd03826c4cff76e6d71fbe41f17ccb8dc3	brkga-cuda	cvrp	X-n336-k84	180189.000	3.213	1	256	1000	50	2	3	256	0.1	0.1	0.75	host	0	25	[246958,225718,211009,205586,202916,201824,200166,198392,197659,196419,195722,194368,193750,193239,192424,192295,191934,191405,190862,190218,189503,189025,188310,187257,187144,185829,185714,184853,184764,183910,183308,182843,182805,182144,181995,181598,181562,180624,180494,180271,180189]	#90-Ubuntu SMP Fri Jul 9 22:49:44 UTC 2021	Intel(R) Core(TM) i7-7820X CPU @ 3.60GHz	64020MiB	NVIDIA Corporation GP104 [GeForce GTX 1070] (rev a1)	 GP104 [GeForce GTX 1070]	V11.2.152	g++ (Ubuntu 9.4.0-1ubuntu1~20.04.1) 9.4.0
2022-05-13T22:13:10	dc3307dd03826c4cff76e6d71fbe41f17ccb8dc3	gpu-brkga	cvrp	X-n336-k84	182167.000	2.066	1	256	1000	50	2	3	256	0.1	0.1	0.75	host	0	25	[249164,234505,216541,209174,206518,204645,203200,201393,199923,198140,197209,196285,195451,194270,193475,192644,192543,191838,191250,190582,189551,189006,188255,187755,187419,187152,186624,186481,186257,185556,185210,184901,184406,183771,183771,183188,182537,182485,182367,182345,182167]	#90-Ubuntu SMP Fri Jul 9 22:49:44 UTC 2021	Intel(R) Core(TM) i7-7820X CPU @ 3.60GHz	64020MiB	NVIDIA Corporation GP104 [GeForce GTX 1070] (rev a1)	 GP104 [GeForce GTX 1070]	V11.2.152	g++ (Ubuntu 9.4.0-1ubuntu1~20.04.1) 9.4.0
2022-05-13T22:13:10	dc3307dd03826c4cff76e6d71fbe41f17ccb8dc3	gpu-brkga-fixed	cvrp	X-n336-k84	177990.000	1.984	1	256	1000	50	2	3	256	0.1	0.1	0.75	host	0	25	[249164,233567,216541,208446,204889,202553,200377,199678,198084,196945,196209,195301,194114,193943,193027,190987,190601,189225,188170,187228,187072,186191,186191,185820,185632,184469,183911,183253,183183,182178,182084,181773,181658,181134,180623,180226,180074,179225,178944,178266,177990]	#90-Ubuntu SMP Fri Jul 9 22:49:44 UTC 2021	Intel(R) Core(TM) i7-7820X CPU @ 3.60GHz	64020MiB	NVIDIA Corporation GP104 [GeForce GTX 1070] (rev a1)	 GP104 [GeForce GTX 1070]	V11.2.152	g++ (Ubuntu 9.4.0-1ubuntu1~20.04.1) 9.4.0
2022-05-13T22:13:10	dc3307dd03826c4cff76e6d71fbe41f17ccb8dc3	brkga-api	cvrp	X-n336-k84	178943.000	5.148	1	256	1000	50	2	3	256	0.1	0.1	0.75	host	0	25	[inf,227150,211798,208615,206943,204226,203268,202045,200186,198683,197936,196196,195531,194491,194206,192884,192742,191786,191445,189421,189290,188383,188086,187364,185830,183636,183185,181774,181553,181227,181117,180776,180631,180042,180042,179845,179747,179569,179322,178962,178943]	#90-Ubuntu SMP Fri Jul 9 22:49:44 UTC 2021	Intel(R) Core(TM) i7-7820X CPU @ 3.60GHz	64020MiB	NVIDIA Corporation GP104 [GeForce GTX 1070] (rev a1)	 GP104 [GeForce GTX 1070]	V11.2.152	g++ (Ubuntu 9.4.0-1ubuntu1~20.04.1) 9.4.0
2022-05-13T22:13:10	dc3307dd03826c4cff76e6d71fbe41f17ccb8dc3	brkga-cuda	cvrp	X-n376-k94	188932.000	3.299	1	256	1000	50	2	3	256	0.1	0.1	0.75	host	0	25	[259202,231305,218800,213218,211381,208429,207972,207362,205838,204568,203119,201305,200772,198359,197710,196333,195800,194418,193302,192799,192799,192517,192170,191488,191112,190784,190686,190569,190423,190277,190187,189994,189900,189571,189571,189289,189289,189246,189131,189080,188932]	#90-Ubuntu SMP Fri Jul 9 22:49:44 UTC 2021	Intel(R) Core(TM) i7-7820X CPU @ 3.60GHz	64020MiB	NVIDIA Corporation GP104 [GeForce GTX 1070] (rev a1)	 GP104 [GeForce GTX 1070]	V11.2.152	g++ (Ubuntu 9.4.0-1ubuntu1~20.04.1) 9.4.0
2022-05-13T22:13:10	dc3307dd03826c4cff76e6d71fbe41f17ccb8dc3	gpu-brkga	cvrp	X-n376-k94	197166.000	2.215	1	256	1000	50	2	3	256	0.1	0.1	0.75	host	0	25	[261014,242710,226600,220420,216741,214534,213372,211756,211064,210339,208306,206174,205630,205398,205062,204979,204733,204120,204100,203697,203304,202768,202638,202272,201252,200823,200345,199941,199592,198708,198146,198013,197752,197534,197480,197480,197395,197395,197166,197166,197166]	#90-Ubuntu SMP Fri Jul 9 22:49:44 UTC 2021	Intel(R) Core(TM) i7-7820X CPU @ 3.60GHz	64020MiB	NVIDIA Corporation GP104 [GeForce GTX 1070] (rev a1)	 GP104 [GeForce GTX 1070]	V11.2.152	g++ (Ubuntu 9.4.0-1ubuntu1~20.04.1) 9.4.0
2022-05-13T22:13:10	dc3307dd03826c4cff76e6d71fbe41f17ccb8dc3	gpu-brkga-fixed	cvrp	X-n376-k94	189746.000	2.101	1	256	1000	50	2	3	256	0.1	0.1	0.75	host	0	25	[261014,242710,226600,219369,214764,211743,211026,210873,210651,208855,208125,206270,205858,204518,203866,202344,201562,199690,199247,197936,197771,197037,197011,196699,196456,195623,195606,194684,194473,193425,193239,192701,192701,192162,191936,190719,190607,189957,189928,189885,189746]	#90-Ubuntu SMP Fri Jul 9 22:49:44 UTC 2021	Intel(R) Core(TM) i7-7820X CPU @ 3.60GHz	64020MiB	NVIDIA Corporation GP104 [GeForce GTX 1070] (rev a1)	 GP104 [GeForce GTX 1070]	V11.2.152	g++ (Ubuntu 9.4.0-1ubuntu1~20.04.1) 9.4.0
2022-05-13T22:13:10	dc3307dd03826c4cff76e6d71fbe41f17ccb8dc3	brkga-api	cvrp	X-n376-k94	190616.000	5.639	1	256	1000	50	2	3	256	0.1	0.1	0.75	host	0	25	[inf,232572,218383,215686,215162,213348,211573,209934,209503,208372,207228,206502,205840,204692,204667,203949,203264,203252,201702,201656,201138,199644,198940,197380,197380,196650,196650,195777,195540,194220,194220,193781,193544,192631,192506,191914,191914,191441,191441,190856,190616]	#90-Ubuntu SMP Fri Jul 9 22:49:44 UTC 2021	Intel(R) Core(TM) i7-7820X CPU @ 3.60GHz	64020MiB	NVIDIA Corporation GP104 [GeForce GTX 1070] (rev a1)	 GP104 [GeForce GTX 1070]	V11.2.152	g++ (Ubuntu 9.4.0-1ubuntu1~20.04.1) 9.4.0
2022-05-13T22:13:10	dc3307dd03826c4cff76e6d71fbe41f17ccb8dc3	brkga-cuda	cvrp	X-n384-k52	102459.000	3.414	1	256	1000	50	2	3	256	0.1	0.1	0.75	host	0	25	[199716,165970,146406,140014,137981,135408,132604,128312,127107,124999,124359,122187,121473,119931,119182,116941,116136,115043,114662,113024,112865,112031,111810,110769,110587,108574,108552,107722,107365,106378,106246,105777,105777,104993,104993,104197,104197,103950,103530,103326,102459]	#90-Ubuntu SMP Fri Jul 9 22:49:44 UTC 2021	Intel(R) Core(TM) i7-7820X CPU @ 3.60GHz	64020MiB	NVIDIA Corporation GP104 [GeForce GTX 1070] (rev a1)	 GP104 [GeForce GTX 1070]	V11.2.152	g++ (Ubuntu 9.4.0-1ubuntu1~20.04.1) 9.4.0
2022-05-13T22:13:10	dc3307dd03826c4cff76e6d71fbe41f17ccb8dc3	gpu-brkga	cvrp	X-n384-k52	115952.000	2.280	1	256	1000	50	2	3	256	0.1	0.1	0.75	host	0	25	[199012,180544,160610,152253,148718,145461,141748,140210,137980,135678,134001,133541,132035,130718,129751,129181,128808,127662,126254,125368,124863,123901,123087,122339,121440,120951,119951,119145,118947,118696,118145,117842,117730,117211,116957,116936,116643,116509,116367,116367,115952]	#90-Ubuntu SMP Fri Jul 9 22:49:44 UTC 2021	Intel(R) Core(TM) i7-7820X CPU @ 3.60GHz	64020MiB	NVIDIA Corporation GP104 [GeForce GTX 1070] (rev a1)	 GP104 [GeForce GTX 1070]	V11.2.152	g++ (Ubuntu 9.4.0-1ubuntu1~20.04.1) 9.4.0
2022-05-13T22:13:10	dc3307dd03826c4cff76e6d71fbe41f17ccb8dc3	gpu-brkga-fixed	cvrp	X-n384-k52	107682.000	2.293	1	256	1000	50	2	3	256	0.1	0.1	0.75	host	0	25	[199012,180544,160610,150650,147538,144054,141975,139923,137758,136117,134188,131738,130184,128934,127888,126101,124241,122907,121873,120426,119749,118392,117457,115759,115266,114485,114027,112757,112692,111656,111656,110826,110571,110220,110180,109292,109097,108563,108372,107761,107682]	#90-Ubuntu SMP Fri Jul 9 22:49:44 UTC 2021	Intel(R) Core(TM) i7-7820X CPU @ 3.60GHz	64020MiB	NVIDIA Corporation GP104 [GeForce GTX 1070] (rev a1)	 GP104 [GeForce GTX 1070]	V11.2.152	g++ (Ubuntu 9.4.0-1ubuntu1~20.04.1) 9.4.0
2022-05-13T22:13:10	dc3307dd03826c4cff76e6d71fbe41f17ccb8dc3	brkga-api	cvrp	X-n384-k52	104589.000	5.822	1	256	1000	50	2	3	256	0.1	0.1	0.75	host	0	25	[inf,169503,148261,143532,139556,138704,136362,133661,132240,130052,128682,126788,125565,124082,123405,121598,120908,119341,117949,116094,115772,114424,114134,113159,112892,112035,111584,110588,110174,109438,109327,108526,108107,107511,107260,106369,105933,105031,105031,104726,104589]	#90-Ubuntu SMP Fri Jul 9 22:49:44 UTC 2021	Intel(R) Core(TM) i7-7820X CPU @ 3.60GHz	64020MiB	NVIDIA Corporation GP104 [GeForce GTX 1070] (rev a1)	 GP104 [GeForce GTX 1070]	V11.2.152	g++ (Ubuntu 9.4.0-1ubuntu1~20.04.1) 9.4.0
2022-05-13T22:13:10	dc3307dd03826c4cff76e6d71fbe41f17ccb8dc3	brkga-cuda	cvrp	X-n420-k130	138776.000	3.659	1	256	1000	50	2	3	256	0.1	0.1	0.75	host	0	25	[218636,193797,174809,170081,167951,166567,164113,162075,160829,160096,159413,158840,158105,156971,156461,155026,154220,153054,151888,149847,149478,148313,147805,146404,146323,145713,145452,144658,144267,143113,142811,141537,141430,140786,140454,140140,140087,139873,139759,139086,138776]	#90-Ubuntu SMP Fri Jul 9 22:49:44 UTC 2021	Intel(R) Core(TM) i7-7820X CPU @ 3.60GHz	64020MiB	NVIDIA Corporation GP104 [GeForce GTX 1070] (rev a1)	 GP104 [GeForce GTX 1070]	V11.2.152	g++ (Ubuntu 9.4.0-1ubuntu1~20.04.1) 9.4.0
2022-05-13T22:13:10	dc3307dd03826c4cff76e6d71fbe41f17ccb8dc3	gpu-brkga	cvrp	X-n420-k130	145967.000	2.520	1	256	1000	50	2	3	256	0.1	0.1	0.75	host	0	25	[218474,206775,190201,177338,171024,167908,165357,164248,162328,161279,159063,157848,156479,155461,154245,153882,153191,152749,151547,151219,150926,150802,150354,150273,149990,149434,149035,148823,148809,148598,148075,147695,147487,147430,147159,147101,146952,146363,146173,146151,145967]	#90-Ubuntu SMP Fri Jul 9 22:49:44 UTC 2021	Intel(R) Core(TM) i7-7820X CPU @ 3.60GHz	64020MiB	NVIDIA Corporation GP104 [GeForce GTX 1070] (rev a1)	 GP104 [GeForce GTX 1070]	V11.2.152	g++ (Ubuntu 9.4.0-1ubuntu1~20.04.1) 9.4.0
2022-05-13T22:13:10	dc3307dd03826c4cff76e6d71fbe41f17ccb8dc3	gpu-brkga-fixed	cvrp	X-n420-k130	140286.000	2.494	1	256	1000	50	2	3	256	0.1	0.1	0.75	host	0	25	[218474,201704,187043,177113,171327,168483,165990,164517,162134,160625,159311,156635,156289,153282,152233,150631,150031,148701,148361,147053,146506,145817,145643,144801,144639,143977,143838,143452,143425,142905,142706,142157,141865,141393,141390,140982,140982,140751,140709,140392,140286]	#90-Ubuntu SMP Fri Jul 9 22:49:44 UTC 2021	Intel(R) Core(TM) i7-7820X CPU @ 3.60GHz	64020MiB	NVIDIA Corporation GP104 [GeForce GTX 1070] (rev a1)	 GP104 [GeForce GTX 1070]	V11.2.152	g++ (Ubuntu 9.4.0-1ubuntu1~20.04.1) 9.4.0
2022-05-13T22:13:10	dc3307dd03826c4cff76e6d71fbe41f17ccb8dc3	brkga-api	cvrp	X-n420-k130	138562.000	6.370	1	256	1000	50	2	3	256	0.1	0.1	0.75	host	0	25	[inf,191491,174031,169126,166308,164449,162931,160614,158444,157354,155933,154345,153393,152088,151756,149487,148796,147447,146994,145992,145846,145132,144906,144475,143873,143106,142864,142014,141753,141142,141099,140842,140720,140103,140016,139737,139560,139237,139185,138573,138562]	#90-Ubuntu SMP Fri Jul 9 22:49:44 UTC 2021	Intel(R) Core(TM) i7-7820X CPU @ 3.60GHz	64020MiB	NVIDIA Corporation GP104 [GeForce GTX 1070] (rev a1)	 GP104 [GeForce GTX 1070]	V11.2.152	g++ (Ubuntu 9.4.0-1ubuntu1~20.04.1) 9.4.0
2022-05-13T22:13:10	dc3307dd03826c4cff76e6d71fbe41f17ccb8dc3	brkga-cuda	cvrp	X-n429-k61	109625.000	3.660	1	256	1000	50	2	3	256	0.1	0.1	0.75	host	0	25	[221173,187139,168599,160454,155715,152356,149594,146096,144330,143688,141503,139867,139051,137378,135606,134823,133540,131223,130722,127548,125183,123772,123379,121763,121366,120388,119996,118371,117823,116520,115662,114550,114258,113565,113336,112135,111759,110439,110374,109707,109625]	#90-Ubuntu SMP Fri Jul 9 22:49:44 UTC 2021	Intel(R) Core(TM) i7-7820X CPU @ 3.60GHz	64020MiB	NVIDIA Corporation GP104 [GeForce GTX 1070] (rev a1)	 GP104 [GeForce GTX 1070]	V11.2.152	g++ (Ubuntu 9.4.0-1ubuntu1~20.04.1) 9.4.0
2022-05-13T22:13:10	dc3307dd03826c4cff76e6d71fbe41f17ccb8dc3	gpu-brkga	cvrp	X-n429-k61	119207.000	2.630	1	256	1000	50	2	3	256	0.1	0.1	0.75	host	0	25	[221393,199853,182035,170472,164874,159912,155940,152951,150509,148216,144915,142305,139926,138291,136707,134990,134232,133228,131434,130343,129826,129338,128307,127655,126599,126334,126104,125638,125060,124457,123819,123514,123379,122161,121345,120896,120551,120064,119850,119381,119207]	#90-Ubuntu SMP Fri Jul 9 22:49:44 UTC 2021	Intel(R) Core(TM) i7-7820X CPU @ 3.60GHz	64020MiB	NVIDIA Corporation GP104 [GeForce GTX 1070] (rev a1)	 GP104 [GeForce GTX 1070]	V11.2.152	g++ (Ubuntu 9.4.0-1ubuntu1~20.04.1) 9.4.0
2022-05-13T22:13:10	dc3307dd03826c4cff76e6d71fbe41f17ccb8dc3	gpu-brkga-fixed	cvrp	X-n429-k61	108623.000	2.524	1	256	1000	50	2	3	256	0.1	0.1	0.75	host	0	25	[221393,199853,178669,165134,158586,153118,148596,145920,143757,140320,139235,136276,135512,133189,132857,130595,129905,128011,127084,125086,124605,123381,122954,121341,120931,119276,118847,117545,117084,115577,115447,113930,113438,112582,112371,111332,110989,109681,109405,108977,108623]	#90-Ubuntu SMP Fri Jul 9 22:49:44 UTC 2021	Intel(R) Core(TM) i7-7820X CPU @ 3.60GHz	64020MiB	NVIDIA Corporation GP104 [GeForce GTX 1070] (rev a1)	 GP104 [GeForce GTX 1070]	V11.2.152	g++ (Ubuntu 9.4.0-1ubuntu1~20.04.1) 9.4.0
2022-05-13T22:13:10	dc3307dd03826c4cff76e6d71fbe41f17ccb8dc3	brkga-api	cvrp	X-n429-k61	109794.000	6.510	1	256	1000	50	2	3	256	0.1	0.1	0.75	host	0	25	[inf,186185,165001,158426,153199,149538,147044,142344,140550,138324,136646,133221,132387,129808,128994,127846,127383,125957,124760,123647,123308,122023,121649,120446,119963,118249,117974,117021,116580,115842,115462,114584,114316,113166,112967,111927,111801,111208,110894,110399,109794]	#90-Ubuntu SMP Fri Jul 9 22:49:44 UTC 2021	Intel(R) Core(TM) i7-7820X CPU @ 3.60GHz	64020MiB	NVIDIA Corporation GP104 [GeForce GTX 1070] (rev a1)	 GP104 [GeForce GTX 1070]	V11.2.152	g++ (Ubuntu 9.4.0-1ubuntu1~20.04.1) 9.4.0
2022-05-13T22:13:10	dc3307dd03826c4cff76e6d71fbe41f17ccb8dc3	brkga-cuda	cvrp	X-n469-k138	292872.000	3.740	1	256	1000	50	2	3	256	0.1	0.1	0.75	host	0	25	[373274,347933,329883,322530,320322,318612,316673,314336,311818,310918,309869,309609,309307,308285,307575,305516,304781,303863,303305,301106,301084,298941,298941,297924,297924,297552,297187,296499,296306,295720,295454,294795,294601,294337,294262,293670,293670,293147,293053,292872,292872]	#90-Ubuntu SMP Fri Jul 9 22:49:44 UTC 2021	Intel(R) Core(TM) i7-7820X CPU @ 3.60GHz	64020MiB	NVIDIA Corporation GP104 [GeForce GTX 1070] (rev a1)	 GP104 [GeForce GTX 1070]	V11.2.152	g++ (Ubuntu 9.4.0-1ubuntu1~20.04.1) 9.4.0
2022-05-13T22:13:10	dc3307dd03826c4cff76e6d71fbe41f17ccb8dc3	gpu-brkga	cvrp	X-n469-k138	296092.000	2.675	1	256	1000	50	2	3	256	0.1	0.1	0.75	host	0	25	[369252,357487,339165,328175,324521,321494,318254,316929,315642,314852,314008,313040,312566,311688,310909,309596,309343,308184,307483,306534,305447,304768,304536,303299,303105,302922,302298,301265,299822,299036,298716,297899,297483,297483,297436,297085,296945,296945,296698,296143,296092]	#90-Ubuntu SMP Fri Jul 9 22:49:44 UTC 2021	Intel(R) Core(TM) i7-7820X CPU @ 3.60GHz	64020MiB	NVIDIA Corporation GP104 [GeForce GTX 1070] (rev a1)	 GP104 [GeForce GTX 1070]	V11.2.152	g++ (Ubuntu 9.4.0-1ubuntu1~20.04.1) 9.4.0
2022-05-13T22:13:10	dc3307dd03826c4cff76e6d71fbe41f17ccb8dc3	gpu-brkga-fixed	cvrp	X-n469-k138	293100.000	2.627	1	256	1000	50	2	3	256	0.1	0.1	0.75	host	0	25	[369252,355539,339165,328348,325478,322487,321031,319217,316918,315198,313219,312084,311260,310770,310208,308481,307654,306486,305461,305122,304809,303703,303703,301832,301761,301148,300588,299437,299271,298269,298269,297893,297568,297140,297014,296495,296064,294304,294292,293364,293100]	#90-Ubuntu SMP Fri Jul 9 22:49:44 UTC 2021	Intel(R) Core(TM) i7-7820X CPU @ 3.60GHz	64020MiB	NVIDIA Corporation GP104 [GeForce GTX 1070] (rev a1)	 GP104 [GeForce GTX 1070]	V11.2.152	g++ (Ubuntu 9.4.0-1ubuntu1~20.04.1) 9.4.0
2022-05-13T22:13:10	dc3307dd03826c4cff76e6d71fbe41f17ccb8dc3	brkga-api	cvrp	X-n469-k138	289683.000	7.052	1	256	1000	50	2	3	256	0.1	0.1	0.75	host	0	25	[inf,344215,326574,320088,318064,316190,314393,312488,311997,310851,309399,307717,307110,306331,305129,302751,301315,299222,298733,297339,297102,296087,295868,294800,294040,293404,293404,293208,292869,292849,292488,292032,291881,291399,291102,290386,290236,290004,289956,289683,289683]	#90-Ubuntu SMP Fri Jul 9 22:49:44 UTC 2021	Intel(R) Core(TM) i7-7820X CPU @ 3.60GHz	64020MiB	NVIDIA Corporation GP104 [GeForce GTX 1070] (rev a1)	 GP104 [GeForce GTX 1070]	V11.2.152	g++ (Ubuntu 9.4.0-1ubuntu1~20.04.1) 9.4.0
2022-05-13T22:13:10	dc3307dd03826c4cff76e6d71fbe41f17ccb8dc3	brkga-cuda	cvrp	X-n480-k70	134832.000	3.957	1	256	1000	50	2	3	256	0.1	0.1	0.75	host	0	25	[248577,214881,191327,185129,181487,177576,173049,169489,167098,165863,163932,163320,162213,160843,159107,156833,155388,153576,153199,151934,150875,148636,147991,146401,145676,144773,144434,142560,142458,141509,141156,139792,139708,138104,138073,137129,136632,136050,135961,135109,134832]	#90-Ubuntu SMP Fri Jul 9 22:49:44 UTC 2021	Intel(R) Core(TM) i7-7820X CPU @ 3.60GHz	64020MiB	NVIDIA Corporation GP104 [GeForce GTX 1070] (rev a1)	 GP104 [GeForce GTX 1070]	V11.2.152	g++ (Ubuntu 9.4.0-1ubuntu1~20.04.1) 9.4.0
2022-05-13T22:13:10	dc3307dd03826c4cff76e6d71fbe41f17ccb8dc3	gpu-brkga	cvrp	X-n480-k70	152597.000	2.874	1	256	1000	50	2	3	256	0.1	0.1	0.75	host	0	25	[246931,231165,210166,198122,191968,187405,184500,181133,178127,177003,174701,173319,172057,171022,169815,167951,167029,166160,164917,164309,163533,162814,162457,162143,161602,160690,160298,159357,158772,157605,157314,156912,156016,155330,154563,154246,153608,153286,153189,153071,152597]	#90-Ubuntu SMP Fri Jul 9 22:49:44 UTC 2021	Intel(R) Core(TM) i7-7820X CPU @ 3.60GHz	64020MiB	NVIDIA Corporation GP104 [GeForce GTX 1070] (rev a1)	 GP104 [GeForce GTX 1070]	V11.2.152	g++ (Ubuntu 9.4.0-1ubuntu1~20.04.1) 9.4.0
2022-05-13T22:13:10	dc3307dd03826c4cff76e6d71fbe41f17ccb8dc3	gpu-brkga-fixed	cvrp	X-n480-k70	145355.000	2.841	1	256	1000	50	2	3	256	0.1	0.1	0.75	host	0	25	[246931,223227,203354,192592,186727,183459,181897,179473,177668,175364,173482,172615,171048,169106,167467,166351,165768,164563,163471,162923,162490,161001,159937,158927,158544,158021,157579,155686,155152,153849,153283,151637,151024,149966,149682,148682,148592,147626,147339,146589,145355]	#90-Ubuntu SMP Fri Jul 9 22:49:44 UTC 2021	Intel(R) Core(TM) i7-7820X CPU @ 3.60GHz	64020MiB	NVIDIA Corporation GP104 [GeForce GTX 1070] (rev a1)	 GP104 [GeForce GTX 1070]	V11.2.152	g++ (Ubuntu 9.4.0-1ubuntu1~20.04.1) 9.4.0
2022-05-13T22:13:10	dc3307dd03826c4cff76e6d71fbe41f17ccb8dc3	brkga-api	cvrp	X-n480-k70	138729.000	7.249	1	256	1000	50	2	3	256	0.1	0.1	0.75	host	0	25	[inf,208416,189541,183887,181141,178140,175149,173146,171230,167453,166050,164319,163946,161109,160192,157953,157641,153314,153092,150938,150547,149093,147894,147127,146616,146059,145341,144740,144515,143733,143324,142781,142601,142000,141986,141083,140967,140017,139643,138729,138729]	#90-Ubuntu SMP Fri Jul 9 22:49:44 UTC 2021	Intel(R) Core(TM) i7-7820X CPU @ 3.60GHz	64020MiB	NVIDIA Corporation GP104 [GeForce GTX 1070] (rev a1)	 GP104 [GeForce GTX 1070]	V11.2.152	g++ (Ubuntu 9.4.0-1ubuntu1~20.04.1) 9.4.0
2022-05-13T22:13:10	dc3307dd03826c4cff76e6d71fbe41f17ccb8dc3	brkga-cuda	cvrp	X-n548-k50	152532.000	4.103	1	256	1000	50	2	3	256	0.1	0.1	0.75	host	0	25	[298374,260546,233744,225770,220631,214565,210508,204570,201396,199977,197807,194706,193524,190827,190398,187642,186443,183860,181809,178413,176669,174299,172971,169714,168627,166451,166070,164026,163786,161945,161108,160209,159495,157997,157149,155254,154859,153559,153425,152749,152532]	#90-Ubuntu SMP Fri Jul 9 22:49:44 UTC 2021	Intel(R) Core(TM) i7-7820X CPU @ 3.60GHz	64020MiB	NVIDIA Corporation GP104 [GeForce GTX 1070] (rev a1)	 GP104 [GeForce GTX 1070]	V11.2.152	g++ (Ubuntu 9.4.0-1ubuntu1~20.04.1) 9.4.0
2022-05-13T22:13:10	dc3307dd03826c4cff76e6d71fbe41f17ccb8dc3	gpu-brkga	cvrp	X-n548-k50	170521.000	3.253	1	256	1000	50	2	3	256	0.1	0.1	0.75	host	0	25	[304460,280934,253524,239152,231509,224730,221619,218622,215453,211958,209400,206251,204132,202240,200969,198438,196805,195349,193710,192116,190799,190028,188415,186932,185337,184092,183162,181561,180669,179917,178471,177923,177533,176263,175265,174556,173824,173345,172534,171733,170521]	#90-Ubuntu SMP Fri Jul 9 22:49:44 UTC 2021	Intel(R) Core(TM) i7-7820X CPU @ 3.60GHz	64020MiB	NVIDIA Corporation GP104 [GeForce GTX 1070] (rev a1)	 GP104 [GeForce GTX 1070]	V11.2.152	g++ (Ubuntu 9.4.0-1ubuntu1~20.04.1) 9.4.0
2022-05-13T22:13:10	dc3307dd03826c4cff76e6d71fbe41f17ccb8dc3	gpu-brkga-fixed	cvrp	X-n548-k50	151831.000	3.187	1	256	1000	50	2	3	256	0.1	0.1	0.75	host	0	25	[304460,280934,253524,233954,219519,212937,208087,202138,199636,195345,193533,189369,187448,183179,182207,179693,178210,176645,175680,172771,172090,169556,168587,166903,166421,165045,164286,162406,161709,160574,160079,158189,157729,157101,156327,154584,154203,153275,152913,151960,151831]	#90-Ubuntu SMP Fri Jul 9 22:49:44 UTC 2021	Intel(R) Core(TM) i7-7820X CPU @ 3.60GHz	64020MiB	NVIDIA Corporation GP104 [GeForce GTX 1070] (rev a1)	 GP104 [GeForce GTX 1070]	V11.2.152	g++ (Ubuntu 9.4.0-1ubuntu1~20.04.1) 9.4.0
2022-05-13T22:13:10	dc3307dd03826c4cff76e6d71fbe41f17ccb8dc3	brkga-api	cvrp	X-n548-k50	157204.000	8.266	1	256	1000	50	2	3	256	0.1	0.1	0.75	host	0	25	[inf,258450,236115,229339,222757,217159,212060,207369,204449,201744,197514,195325,193754,192128,190048,188899,187893,186451,184628,182496,181978,179390,178435,176006,175179,172575,171543,169872,168859,166966,166214,164119,164119,162731,162057,160634,159802,159049,158794,157735,157204]	#90-Ubuntu SMP Fri Jul 9 22:49:44 UTC 2021	Intel(R) Core(TM) i7-7820X CPU @ 3.60GHz	64020MiB	NVIDIA Corporation GP104 [GeForce GTX 1070] (rev a1)	 GP104 [GeForce GTX 1070]	V11.2.152	g++ (Ubuntu 9.4.0-1ubuntu1~20.04.1) 9.4.0
2022-05-13T22:13:10	dc3307dd03826c4cff76e6d71fbe41f17ccb8dc3	brkga-cuda	cvrp	X-n586-k159	261753.000	4.307	1	256	1000	50	2	3	256	0.1	0.1	0.75	host	0	25	[380936,340797,318391,310408,304521,300703,298772,297728,294739,293310,291495,285865,285087,281064,280324,279098,279037,276247,275657,272743,272535,271509,271153,269690,269135,267543,267304,266559,266334,264978,264724,264441,264331,263730,263527,263114,262912,262587,262036,261921,261753]	#90-Ubuntu SMP Fri Jul 9 22:49:44 UTC 2021	Intel(R) Core(TM) i7-7820X CPU @ 3.60GHz	64020MiB	NVIDIA Corporation GP104 [GeForce GTX 1070] (rev a1)	 GP104 [GeForce GTX 1070]	V11.2.152	g++ (Ubuntu 9.4.0-1ubuntu1~20.04.1) 9.4.0
2022-05-13T22:13:10	dc3307dd03826c4cff76e6d71fbe41f17ccb8dc3	gpu-brkga	cvrp	X-n586-k159	271328.000	3.422	1	256	1000	50	2	3	256	0.1	0.1	0.75	host	0	25	[382088,359139,338425,323532,316188,311112,307901,306021,304198,301995,300132,299109,297977,295526,294752,293326,292932,291821,291063,288547,287445,285982,285008,284258,283393,282375,281881,280470,278618,277567,277195,276728,276576,275685,274923,274228,273703,272894,272079,271855,271328]	#90-Ubuntu SMP Fri Jul 9 22:49:44 UTC 2021	Intel(R) Core(TM) i7-7820X CPU @ 3.60GHz	64020MiB	NVIDIA Corporation GP104 [GeForce GTX 1070] (rev a1)	 GP104 [GeForce GTX 1070]	V11.2.152	g++ (Ubuntu 9.4.0-1ubuntu1~20.04.1) 9.4.0
2022-05-13T22:13:10	dc3307dd03826c4cff76e6d71fbe41f17ccb8dc3	gpu-brkga-fixed	cvrp	X-n586-k159	264087.000	3.444	1	256	1000	50	2	3	256	0.1	0.1	0.75	host	0	25	[382088,353588,333937,319522,311314,306667,304943,301066,298039,296203,293837,292638,291198,290074,288098,287571,287055,285576,284793,283565,283278,282268,281151,279748,279061,277997,277054,275479,274445,273129,272742,270819,270542,268807,268604,267925,266932,266041,265738,264530,264087]	#90-Ubuntu SMP Fri Jul 9 22:49:44 UTC 2021	Intel(R) Core(TM) i7-7820X CPU @ 3.60GHz	64020MiB	NVIDIA Corporation GP104 [GeForce GTX 1070] (rev a1)	 GP104 [GeForce GTX 1070]	V11.2.152	g++ (Ubuntu 9.4.0-1ubuntu1~20.04.1) 9.4.0
2022-05-13T22:13:10	dc3307dd03826c4cff76e6d71fbe41f17ccb8dc3	brkga-api	cvrp	X-n586-k159	254884.000	8.847	1	256	1000	50	2	3	256	0.1	0.1	0.75	host	0	25	[inf,347547,322843,314050,310470,306120,301217,298825,296441,292972,289675,284175,282835,279731,278761,275675,275625,273245,272545,269665,269596,268609,268547,267138,266823,265325,264687,263455,262750,261737,261627,260709,259745,259250,258990,257361,257136,256105,255988,254884,254884]	#90-Ubuntu SMP Fri Jul 9 22:49:44 UTC 2021	Intel(R) Core(TM) i7-7820X CPU @ 3.60GHz	64020MiB	NVIDIA Corporation GP104 [GeForce GTX 1070] (rev a1)	 GP104 [GeForce GTX 1070]	V11.2.152	g++ (Ubuntu 9.4.0-1ubuntu1~20.04.1) 9.4.0
2022-05-13T22:13:10	dc3307dd03826c4cff76e6d71fbe41f17ccb8dc3	brkga-cuda	cvrp	X-n599-k92	175984.000	4.474	1	256	1000	50	2	3	256	0.1	0.1	0.75	host	0	25	[325381,283586,254478,246541,240470,233918,231098,224169,221667,217784,216354,211278,209003,204718,202789,200152,199193,196573,196205,194531,193838,192267,192193,191042,190481,189320,188836,186896,186196,182691,181666,180870,180500,180080,179505,178842,178514,177102,176946,176222,175984]	#90-Ubuntu SMP Fri Jul 9 22:49:44 UTC 2021	Intel(R) Core(TM) i7-7820X CPU @ 3.60GHz	64020MiB	NVIDIA Corporation GP104 [GeForce GTX 1070] (rev a1)	 GP104 [GeForce GTX 1070]	V11.2.152	g++ (Ubuntu 9.4.0-1ubuntu1~20.04.1) 9.4.0
2022-05-13T22:13:10	dc3307dd03826c4cff76e6d71fbe41f17ccb8dc3	gpu-brkga	cvrp	X-n599-k92	195440.000	3.587	1	256	1000	50	2	3	256	0.1	0.1	0.75	host	0	25	[322486,301732,272914,252437,241923,237658,233899,230788,227835,226441,223340,221140,219809,217536,215117,214206,213861,211969,210922,209895,209186,208229,207811,206864,205839,204924,203884,203032,202563,201972,201599,200953,200105,199579,198906,198365,198043,196996,196593,196120,195440]	#90-Ubuntu SMP Fri Jul 9 22:49:44 UTC 2021	Intel(R) Core(TM) i7-7820X CPU @ 3.60GHz	64020MiB	NVIDIA Corporation GP104 [GeForce GTX 1070] (rev a1)	 GP104 [GeForce GTX 1070]	V11.2.152	g++ (Ubuntu 9.4.0-1ubuntu1~20.04.1) 9.4.0
2022-05-13T22:13:10	dc3307dd03826c4cff76e6d71fbe41f17ccb8dc3	gpu-brkga-fixed	cvrp	X-n599-k92	179208.000	3.576	1	256	1000	50	2	3	256	0.1	0.1	0.75	host	0	25	[322486,297140,271882,253674,243084,237741,233571,229521,227250,220755,218306,214082,212199,209215,207250,204772,203219,200322,198959,197285,196684,194542,193960,192706,192266,191077,190716,188971,188829,187602,186551,185631,184776,182994,182707,181644,181544,180955,180728,179233,179208]	#90-Ubuntu SMP Fri Jul 9 22:49:44 UTC 2021	Intel(R) Core(TM) i7-7820X CPU @ 3.60GHz	64020MiB	NVIDIA Corporation GP104 [GeForce GTX 1070] (rev a1)	 GP104 [GeForce GTX 1070]	V11.2.152	g++ (Ubuntu 9.4.0-1ubuntu1~20.04.1) 9.4.0
2022-05-13T22:13:10	dc3307dd03826c4cff76e6d71fbe41f17ccb8dc3	brkga-api	cvrp	X-n599-k92	188404.000	9.145	1	256	1000	50	2	3	256	0.1	0.1	0.75	host	0	25	[inf,287138,263205,253732,246265,241173,237318,234011,230321,228745,226346,223646,221780,219567,218265,215984,214344,212652,211511,210715,209937,208561,207247,204633,203732,201064,200629,199930,198968,198064,197760,195744,195352,194243,193515,192302,191600,190394,189970,188897,188404]	#90-Ubuntu SMP Fri Jul 9 22:49:44 UTC 2021	Intel(R) Core(TM) i7-7820X CPU @ 3.60GHz	64020MiB	NVIDIA Corporation GP104 [GeForce GTX 1070] (rev a1)	 GP104 [GeForce GTX 1070]	V11.2.152	g++ (Ubuntu 9.4.0-1ubuntu1~20.04.1) 9.4.0
2022-05-13T22:13:10	dc3307dd03826c4cff76e6d71fbe41f17ccb8dc3	brkga-cuda	cvrp	X-n655-k131	147305.000	4.580	1	256	1000	50	2	3	256	0.1	0.1	0.75	host	0	25	[226949,203824,184359,179360,177257,173645,172269,170008,168509,167002,166162,164168,163613,161917,160782,159408,158505,157423,157153,155608,155286,154679,154408,153583,153167,152292,151872,150724,150337,149705,149705,149134,148982,148459,148380,148028,147940,147769,147596,147335,147305]	#90-Ubuntu SMP Fri Jul 9 22:49:44 UTC 2021	Intel(R) Core(TM) i7-7820X CPU @ 3.60GHz	64020MiB	NVIDIA Corporation GP104 [GeForce GTX 1070] (rev a1)	 GP104 [GeForce GTX 1070]	V11.2.152	g++ (Ubuntu 9.4.0-1ubuntu1~20.04.1) 9.4.0
2022-05-13T22:13:10	dc3307dd03826c4cff76e6d71fbe41f17ccb8dc3	gpu-brkga	cvrp	X-n655-k131	160229.000	3.947	1	256	1000	50	2	3	256	0.1	0.1	0.75	host	0	25	[228825,210286,197072,188577,184253,182415,180713,179915,178987,177605,176498,176278,174896,173978,173372,172881,171615,170540,169929,169609,169182,168248,167664,167065,166284,165502,164970,164741,164303,163877,163171,162718,162592,161949,161578,161559,161516,161399,161009,160453,160229]	#90-Ubuntu SMP Fri Jul 9 22:49:44 UTC 2021	Intel(R) Core(TM) i7-7820X CPU @ 3.60GHz	64020MiB	NVIDIA Corporation GP104 [GeForce GTX 1070] (rev a1)	 GP104 [GeForce GTX 1070]	V11.2.152	g++ (Ubuntu 9.4.0-1ubuntu1~20.04.1) 9.4.0
2022-05-13T22:13:10	dc3307dd03826c4cff76e6d71fbe41f17ccb8dc3	gpu-brkga-fixed	cvrp	X-n655-k131	154607.000	3.866	1	256	1000	50	2	3	256	0.1	0.1	0.75	host	0	25	[228825,210286,197072,189275,185774,182212,179852,178703,177594,175974,174640,173611,173193,172125,171338,170468,169753,169286,168657,167825,166942,166331,165765,165109,164561,164008,163226,162529,161650,160778,160429,159108,158714,158038,157584,157167,157037,156259,156216,154683,154607]	#90-Ubuntu SMP Fri Jul 9 22:49:44 UTC 2021	Intel(R) Core(TM) i7-7820X CPU @ 3.60GHz	64020MiB	NVIDIA Corporation GP104 [GeForce GTX 1070] (rev a1)	 GP104 [GeForce GTX 1070]	V11.2.152	g++ (Ubuntu 9.4.0-1ubuntu1~20.04.1) 9.4.0
2022-05-13T22:13:10	dc3307dd03826c4cff76e6d71fbe41f17ccb8dc3	brkga-api	cvrp	X-n655-k131	150124.000	9.957	1	256	1000	50	2	3	256	0.1	0.1	0.75	host	0	25	[inf,198823,185436,178452,176016,173101,171627,171067,170026,168934,166673,162944,162492,161513,160986,159634,159283,157712,157591,156945,156862,156505,156078,155302,154913,154416,154132,153638,153603,153214,153147,152787,152602,152018,151853,151426,151359,150700,150495,150209,150124]	#90-Ubuntu SMP Fri Jul 9 22:49:44 UTC 2021	Intel(R) Core(TM) i7-7820X CPU @ 3.60GHz	64020MiB	NVIDIA Corporation GP104 [GeForce GTX 1070] (rev a1)	 GP104 [GeForce GTX 1070]	V11.2.152	g++ (Ubuntu 9.4.0-1ubuntu1~20.04.1) 9.4.0
2022-05-13T22:13:10	dc3307dd03826c4cff76e6d71fbe41f17ccb8dc3	brkga-cuda	cvrp	X-n733-k159	215043.000	5.544	1	256	1000	50	2	3	256	0.1	0.1	0.75	host	0	25	[392019,348860,314558,298817,289215,283197,279535,274817,272415,265244,262952,256564,254922,251063,249977,246851,245300,242297,241009,237205,237005,234678,234424,232195,231207,229725,229036,225165,224734,223489,223184,220770,220661,219218,218851,217732,217646,216829,216582,215226,215043]	#90-Ubuntu SMP Fri Jul 9 22:49:44 UTC 2021	Intel(R) Core(TM) i7-7820X CPU @ 3.60GHz	64020MiB	NVIDIA Corporation GP104 [GeForce GTX 1070] (rev a1)	 GP104 [GeForce GTX 1070]	V11.2.152	g++ (Ubuntu 9.4.0-1ubuntu1~20.04.1) 9.4.0
2022-05-13T22:13:10	dc3307dd03826c4cff76e6d71fbe41f17ccb8dc3	gpu-brkga	cvrp	X-n733-k159	240766.000	4.579	1	256	1000	50	2	3	256	0.1	0.1	0.75	host	0	25	[390089,369576,342030,321444,311199,304995,299080,294566,289785,286020,282656,279751,277955,276643,273910,271043,269279,267670,266156,264509,262354,260187,258973,258343,256986,255250,254379,252837,252066,250893,249639,248739,247486,246551,245335,244727,243547,243057,242587,241729,240766]	#90-Ubuntu SMP Fri Jul 9 22:49:44 UTC 2021	Intel(R) Core(TM) i7-7820X CPU @ 3.60GHz	64020MiB	NVIDIA Corporation GP104 [GeForce GTX 1070] (rev a1)	 GP104 [GeForce GTX 1070]	V11.2.152	g++ (Ubuntu 9.4.0-1ubuntu1~20.04.1) 9.4.0
2022-05-13T22:13:10	dc3307dd03826c4cff76e6d71fbe41f17ccb8dc3	gpu-brkga-fixed	cvrp	X-n733-k159	218753.000	4.566	1	256	1000	50	2	3	256	0.1	0.1	0.75	host	0	25	[390089,359829,331662,315236,305038,295814,289683,284005,281110,274782,271071,266525,264389,257777,256481,252422,250626,246576,245543,242239,241200,239581,239078,235923,235515,233619,232984,231359,230686,227948,227591,226147,225925,223878,223149,222339,222119,219833,219514,218773,218753]	#90-Ubuntu SMP Fri Jul 9 22:49:44 UTC 2021	Intel(R) Core(TM) i7-7820X CPU @ 3.60GHz	64020MiB	NVIDIA Corporation GP104 [GeForce GTX 1070] (rev a1)	 GP104 [GeForce GTX 1070]	V11.2.152	g++ (Ubuntu 9.4.0-1ubuntu1~20.04.1) 9.4.0
2022-05-13T22:13:10	dc3307dd03826c4cff76e6d71fbe41f17ccb8dc3	brkga-api	cvrp	X-n733-k159	226651.000	11.356	1	256	1000	50	2	3	256	0.1	0.1	0.75	host	0	25	[inf,345969,314047,304204,298974,294409,289265,284576,281498,277648,274984,273001,269462,266729,264417,262617,261046,259058,257052,255333,253673,252267,251376,250217,249042,247339,245413,242625,242237,241713,240816,237954,236470,234191,233569,231410,230674,228540,228274,227134,226651]	#90-Ubuntu SMP Fri Jul 9 22:49:44 UTC 2021	Intel(R) Core(TM) i7-7820X CPU @ 3.60GHz	64020MiB	NVIDIA Corporation GP104 [GeForce GTX 1070] (rev a1)	 GP104 [GeForce GTX 1070]	V11.2.152	g++ (Ubuntu 9.4.0-1ubuntu1~20.04.1) 9.4.0
2022-05-13T22:13:10	dc3307dd03826c4cff76e6d71fbe41f17ccb8dc3	brkga-cuda	cvrp	X-n749-k98	144234.000	5.619	1	256	1000	50	2	3	256	0.1	0.1	0.75	host	0	25	[282159,248410,223404,214376,209211,205045,201258,197358,192464,189198,187497,182660,180598,177327,176591,174318,173259,169546,168758,164724,163839,160977,160404,159121,158615,156693,156430,153675,152889,151632,151236,149424,149348,148615,148181,147082,146980,146415,145876,144627,144234]	#90-Ubuntu SMP Fri Jul 9 22:49:44 UTC 2021	Intel(R) Core(TM) i7-7820X CPU @ 3.60GHz	64020MiB	NVIDIA Corporation GP104 [GeForce GTX 1070] (rev a1)	 GP104 [GeForce GTX 1070]	V11.2.152	g++ (Ubuntu 9.4.0-1ubuntu1~20.04.1) 9.4.0
2022-05-13T22:13:10	dc3307dd03826c4cff76e6d71fbe41f17ccb8dc3	gpu-brkga	cvrp	X-n749-k98	160572.000	4.730	1	256	1000	50	2	3	256	0.1	0.1	0.75	host	0	25	[283458,260087,238809,226696,218469,211518,207179,204365,199718,196699,192858,190553,188724,186036,183683,182186,181026,180362,179320,178155,176981,176134,175154,174372,173006,172111,171087,170292,169070,167948,167213,166750,166185,165450,164536,163680,163137,161790,161459,160883,160572]	#90-Ubuntu SMP Fri Jul 9 22:49:44 UTC 2021	Intel(R) Core(TM) i7-7820X CPU @ 3.60GHz	64020MiB	NVIDIA Corporation GP104 [GeForce GTX 1070] (rev a1)	 GP104 [GeForce GTX 1070]	V11.2.152	g++ (Ubuntu 9.4.0-1ubuntu1~20.04.1) 9.4.0
2022-05-13T22:13:10	dc3307dd03826c4cff76e6d71fbe41f17ccb8dc3	gpu-brkga-fixed	cvrp	X-n749-k98	150448.000	5.211	1	256	1000	50	2	3	256	0.1	0.1	0.75	host	0	25	[283458,260087,238809,224345,213466,207917,205091,202096,198509,195507,191992,190237,188168,186170,183973,182226,180502,178566,177120,174309,173386,171217,169846,168176,167637,165105,163610,162107,161740,160403,159886,158451,158209,156565,156033,154343,153968,152774,152306,150941,150448]	#90-Ubuntu SMP Fri Jul 9 22:49:44 UTC 2021	Intel(R) Core(TM) i7-7820X CPU @ 3.60GHz	64020MiB	NVIDIA Corporation GP104 [GeForce GTX 1070] (rev a1)	 GP104 [GeForce GTX 1070]	V11.2.152	g++ (Ubuntu 9.4.0-1ubuntu1~20.04.1) 9.4.0
2022-05-13T22:13:10	dc3307dd03826c4cff76e6d71fbe41f17ccb8dc3	brkga-api	cvrp	X-n749-k98	145047.000	11.550	1	256	1000	50	2	3	256	0.1	0.1	0.75	host	0	25	[inf,251599,223579,212574,208158,203645,200199,196515,193698,190732,187145,185306,182129,179419,177664,175583,174558,171529,170310,167679,167147,163856,162978,160598,160136,157351,156608,154926,154645,154028,153277,151863,151599,150364,149966,148615,148556,147772,147269,145368,145047]	#90-Ubuntu SMP Fri Jul 9 22:49:44 UTC 2021	Intel(R) Core(TM) i7-7820X CPU @ 3.60GHz	64020MiB	NVIDIA Corporation GP104 [GeForce GTX 1070] (rev a1)	 GP104 [GeForce GTX 1070]	V11.2.152	g++ (Ubuntu 9.4.0-1ubuntu1~20.04.1) 9.4.0
2022-05-13T22:13:10	dc3307dd03826c4cff76e6d71fbe41f17ccb8dc3	brkga-cuda	cvrp	X-n819-k171	244885.000	6.076	1	256	1000	50	2	3	256	0.1	0.1	0.75	host	0	25	[434820,381441,344028,331009,324990,320500,317038,313926,308527,303808,300596,296695,294645,292726,289600,286851,285044,281885,280221,275881,274377,271488,270735,267711,267082,263290,262074,258889,258300,255465,254904,253141,252543,250561,250294,248952,248646,247021,246893,245360,244885]	#90-Ubuntu SMP Fri Jul 9 22:49:44 UTC 2021	Intel(R) Core(TM) i7-7820X CPU @ 3.60GHz	64020MiB	NVIDIA Corporation GP104 [GeForce GTX 1070] (rev a1)	 GP104 [GeForce GTX 1070]	V11.2.152	g++ (Ubuntu 9.4.0-1ubuntu1~20.04.1) 9.4.0
2022-05-13T22:13:10	dc3307dd03826c4cff76e6d71fbe41f17ccb8dc3	gpu-brkga	cvrp	X-n819-k171	266279.000	4.924	1	256	1000	50	2	3	256	0.1	0.1	0.75	host	0	25	[438267,414005,384310,359701,345919,336455,326778,320092,316313,314443,311157,307054,303942,300137,298164,296853,294884,292820,290823,288272,286744,285043,283617,283168,281808,279983,278943,278077,276892,275869,274706,273714,272403,271759,270938,269415,269114,268555,268255,267460,266279]	#90-Ubuntu SMP Fri Jul 9 22:49:44 UTC 2021	Intel(R) Core(TM) i7-7820X CPU @ 3.60GHz	64020MiB	NVIDIA Corporation GP104 [GeForce GTX 1070] (rev a1)	 GP104 [GeForce GTX 1070]	V11.2.152	g++ (Ubuntu 9.4.0-1ubuntu1~20.04.1) 9.4.0
2022-05-13T22:13:10	dc3307dd03826c4cff76e6d71fbe41f17ccb8dc3	gpu-brkga-fixed	cvrp	X-n819-k171	243384.000	4.927	1	256	1000	50	2	3	256	0.1	0.1	0.75	host	0	25	[438267,405299,373386,347010,336178,331750,327554,322927,317904,311727,308344,304126,300864,295709,293636,289069,287230,284146,279875,277102,275016,271446,270341,267499,266484,263062,261519,259030,257305,254837,253975,252620,251903,250105,249032,247432,246913,244713,244240,243568,243384]	#90-Ubuntu SMP Fri Jul 9 22:49:44 UTC 2021	Intel(R) Core(TM) i7-7820X CPU @ 3.60GHz	64020MiB	NVIDIA Corporation GP104 [GeForce GTX 1070] (rev a1)	 GP104 [GeForce GTX 1070]	V11.2.152	g++ (Ubuntu 9.4.0-1ubuntu1~20.04.1) 9.4.0
2022-05-13T22:13:10	dc3307dd03826c4cff76e6d71fbe41f17ccb8dc3	brkga-api	cvrp	X-n819-k171	250433.000	12.543	1	256	1000	50	2	3	256	0.1	0.1	0.75	host	0	25	[inf,385017,344745,332598,326021,319601,314399,309787,305678,302421,299952,296687,293591,292464,290046,286369,283579,282069,280320,279090,278572,277738,275392,273529,272709,269310,267919,266066,265237,262599,262169,260219,259966,258666,258084,255374,254560,252662,252632,250829,250433]	#90-Ubuntu SMP Fri Jul 9 22:49:44 UTC 2021	Intel(R) Core(TM) i7-7820X CPU @ 3.60GHz	64020MiB	NVIDIA Corporation GP104 [GeForce GTX 1070] (rev a1)	 GP104 [GeForce GTX 1070]	V11.2.152	g++ (Ubuntu 9.4.0-1ubuntu1~20.04.1) 9.4.0
2022-05-13T22:13:10	dc3307dd03826c4cff76e6d71fbe41f17ccb8dc3	brkga-cuda	cvrp	X-n837-k142	316344.000	6.076	1	256	1000	50	2	3	256	0.1	0.1	0.75	host	0	25	[482812,440157,408112,393982,386382,381223,376017,371350,367508,360043,358109,355158,351905,348206,346858,342966,341778,339497,338864,337292,336996,333935,333689,330956,330740,329056,327064,325005,324466,323264,322703,322046,321765,320378,320298,319241,318228,317267,317229,316550,316344]	#90-Ubuntu SMP Fri Jul 9 22:49:44 UTC 2021	Intel(R) Core(TM) i7-7820X CPU @ 3.60GHz	64020MiB	NVIDIA Corporation GP104 [GeForce GTX 1070] (rev a1)	 GP104 [GeForce GTX 1070]	V11.2.152	g++ (Ubuntu 9.4.0-1ubuntu1~20.04.1) 9.4.0
2022-05-13T22:13:10	dc3307dd03826c4cff76e6d71fbe41f17ccb8dc3	gpu-brkga	cvrp	X-n837-k142	328996.000	5.100	1	256	1000	50	2	3	256	0.1	0.1	0.75	host	0	25	[481965,456945,428764,408717,395377,387015,382168,378045,375427,373362,370680,367288,365156,361862,359976,357670,355758,354065,351713,350723,350182,348046,346543,345264,343843,342316,341207,340255,339721,339295,338087,337377,336693,335773,334144,333713,332271,331805,331433,329804,328996]	#90-Ubuntu SMP Fri Jul 9 22:49:44 UTC 2021	Intel(R) Core(TM) i7-7820X CPU @ 3.60GHz	64020MiB	NVIDIA Corporation GP104 [GeForce GTX 1070] (rev a1)	 GP104 [GeForce GTX 1070]	V11.2.152	g++ (Ubuntu 9.4.0-1ubuntu1~20.04.1) 9.4.0
2022-05-13T22:13:10	dc3307dd03826c4cff76e6d71fbe41f17ccb8dc3	gpu-brkga-fixed	cvrp	X-n837-k142	312413.000	5.092	1	256	1000	50	2	3	256	0.1	0.1	0.75	host	0	25	[481965,454284,425778,406196,394372,388738,383039,377375,372436,370106,367190,363454,361443,358393,356502,352969,351417,347461,345299,342619,341289,338109,337184,334438,333160,330845,329944,327613,327075,325122,324685,322353,321318,319028,318885,316315,315782,314339,314260,312649,312413]	#90-Ubuntu SMP Fri Jul 9 22:49:44 UTC 2021	Intel(R) Core(TM) i7-7820X CPU @ 3.60GHz	64020MiB	NVIDIA Corporation GP104 [GeForce GTX 1070] (rev a1)	 GP104 [GeForce GTX 1070]	V11.2.152	g++ (Ubuntu 9.4.0-1ubuntu1~20.04.1) 9.4.0
2022-05-13T22:13:10	dc3307dd03826c4cff76e6d71fbe41f17ccb8dc3	brkga-api	cvrp	X-n837-k142	312102.000	12.965	1	256	1000	50	2	3	256	0.1	0.1	0.75	host	0	25	[inf,436153,401995,389617,385879,377740,374083,370754,366408,363922,361999,360720,357070,353973,352693,348084,346432,341951,340007,336439,335463,331624,331620,329284,328849,327504,326389,324254,324117,321349,321104,319164,318988,317302,316405,314864,314648,313865,313263,312319,312102]	#90-Ubuntu SMP Fri Jul 9 22:49:44 UTC 2021	Intel(R) Core(TM) i7-7820X CPU @ 3.60GHz	64020MiB	NVIDIA Corporation GP104 [GeForce GTX 1070] (rev a1)	 GP104 [GeForce GTX 1070]	V11.2.152	g++ (Ubuntu 9.4.0-1ubuntu1~20.04.1) 9.4.0
2022-05-13T22:13:10	dc3307dd03826c4cff76e6d71fbe41f17ccb8dc3	brkga-cuda	cvrp	X-n856-k95	190640.000	6.092	1	256	1000	50	2	3	256	0.1	0.1	0.75	host	0	25	[440333,382406,337401,315471,306540,299809,293274,285622,278211,274348,270720,264301,261589,251313,248441,241707,238534,233900,232462,227457,225463,221893,220533,216803,215691,212616,212258,210261,208897,205327,203608,200827,200816,199344,198685,196749,196168,193778,193478,191926,190640]	#90-Ubuntu SMP Fri Jul 9 22:49:44 UTC 2021	Intel(R) Core(TM) i7-7820X CPU @ 3.60GHz	64020MiB	NVIDIA Corporation GP104 [GeForce GTX 1070] (rev a1)	 GP104 [GeForce GTX 1070]	V11.2.152	g++ (Ubuntu 9.4.0-1ubuntu1~20.04.1) 9.4.0
2022-05-13T22:13:10	dc3307dd03826c4cff76e6d71fbe41f17ccb8dc3	gpu-brkga	cvrp	X-n856-k95	224179.000	5.131	1	256	1000	50	2	3	256	0.1	0.1	0.75	host	0	25	[443496,396279,358136,332657,319412,311064,303211,298481,294252,289591,284427,280482,276034,273074,269346,266781,264408,260987,258419,255875,253835,251028,250118,247313,245607,244152,242716,241086,239196,237470,236135,234819,232879,231512,229928,229203,227818,226435,225818,225139,224179]	#90-Ubuntu SMP Fri Jul 9 22:49:44 UTC 2021	Intel(R) Core(TM) i7-7820X CPU @ 3.60GHz	64020MiB	NVIDIA Corporation GP104 [GeForce GTX 1070] (rev a1)	 GP104 [GeForce GTX 1070]	V11.2.152	g++ (Ubuntu 9.4.0-1ubuntu1~20.04.1) 9.4.0
2022-05-13T22:13:10	dc3307dd03826c4cff76e6d71fbe41f17ccb8dc3	gpu-brkga-fixed	cvrp	X-n856-k95	204428.000	5.135	1	256	1000	50	2	3	256	0.1	0.1	0.75	host	0	25	[443496,396279,358136,332657,317803,309302,302527,294243,290518,284950,281216,278266,274865,271325,266806,263102,260807,256549,254005,252594,249808,247282,244738,240856,238014,233393,231691,227800,226431,221671,220351,217986,216151,213603,212985,210964,210270,208419,207886,205325,204428]	#90-Ubuntu SMP Fri Jul 9 22:49:44 UTC 2021	Intel(R) Core(TM) i7-7820X CPU @ 3.60GHz	64020MiB	NVIDIA Corporation GP104 [GeForce GTX 1070] (rev a1)	 GP104 [GeForce GTX 1070]	V11.2.152	g++ (Ubuntu 9.4.0-1ubuntu1~20.04.1) 9.4.0
2022-05-13T22:13:10	dc3307dd03826c4cff76e6d71fbe41f17ccb8dc3	brkga-api	cvrp	X-n856-k95	200678.000	13.189	1	256	1000	50	2	3	256	0.1	0.1	0.75	host	0	25	[inf,381235,333387,315955,306722,296879,289245,283989,278889,275104,271476,266874,263826,261155,258421,255261,252643,249886,247678,242110,239584,236630,235234,231995,229882,225648,224694,221738,220721,216906,215959,213582,212816,210141,209419,206714,205637,203869,203598,201453,200678]	#90-Ubuntu SMP Fri Jul 9 22:49:44 UTC 2021	Intel(R) Core(TM) i7-7820X CPU @ 3.60GHz	64020MiB	NVIDIA Corporation GP104 [GeForce GTX 1070] (rev a1)	 GP104 [GeForce GTX 1070]	V11.2.152	g++ (Ubuntu 9.4.0-1ubuntu1~20.04.1) 9.4.0
2022-05-13T22:13:10	dc3307dd03826c4cff76e6d71fbe41f17ccb8dc3	brkga-cuda	cvrp	X-n916-k207	479792.000	6.607	1	256	1000	50	2	3	256	0.1	0.1	0.75	host	0	25	[659201,609883,572084,558945,554056,548858,545458,539759,537241,534072,531211,527226,524701,522488,520463,517550,514224,510375,508889,506458,505821,503401,503120,500724,500447,497103,496876,493974,493855,491485,490688,488783,488160,486818,486403,485030,484368,482143,481354,480020,479792]	#90-Ubuntu SMP Fri Jul 9 22:49:44 UTC 2021	Intel(R) Core(TM) i7-7820X CPU @ 3.60GHz	64020MiB	NVIDIA Corporation GP104 [GeForce GTX 1070] (rev a1)	 GP104 [GeForce GTX 1070]	V11.2.152	g++ (Ubuntu 9.4.0-1ubuntu1~20.04.1) 9.4.0
2022-05-13T22:13:10	dc3307dd03826c4cff76e6d71fbe41f17ccb8dc3	gpu-brkga	cvrp	X-n916-k207	503025.000	5.480	1	256	1000	50	2	3	256	0.1	0.1	0.75	host	0	25	[659034,630123,599694,575093,562196,556417,553021,548103,544719,542053,539037,536471,534239,531469,529923,528662,526755,524511,524260,523749,522968,521036,520543,518251,516525,516170,514924,513784,513148,512339,511231,510337,508296,507955,507613,507209,505936,504233,503757,503469,503025]	#90-Ubuntu SMP Fri Jul 9 22:49:44 UTC 2021	Intel(R) Core(TM) i7-7820X CPU @ 3.60GHz	64020MiB	NVIDIA Corporation GP104 [GeForce GTX 1070] (rev a1)	 GP104 [GeForce GTX 1070]	V11.2.152	g++ (Ubuntu 9.4.0-1ubuntu1~20.04.1) 9.4.0
2022-05-13T22:13:10	dc3307dd03826c4cff76e6d71fbe41f17ccb8dc3	gpu-brkga-fixed	cvrp	X-n916-k207	478719.000	5.495	1	256	1000	50	2	3	256	0.1	0.1	0.75	host	0	25	[659034,629360,599694,573799,557847,546246,541094,537131,532955,530041,527719,522531,519758,514761,513107,509068,508425,505479,505114,502498,501484,499975,498998,497144,496518,494410,493967,490728,489690,487548,487188,484989,483396,482913,482725,481744,481319,480177,479782,478775,478719]	#90-Ubuntu SMP Fri Jul 9 22:49:44 UTC 2021	Intel(R) Core(TM) i7-7820X CPU @ 3.60GHz	64020MiB	NVIDIA Corporation GP104 [GeForce GTX 1070] (rev a1)	 GP104 [GeForce GTX 1070]	V11.2.152	g++ (Ubuntu 9.4.0-1ubuntu1~20.04.1) 9.4.0
2022-05-13T22:13:10	dc3307dd03826c4cff76e6d71fbe41f17ccb8dc3	brkga-api	cvrp	X-n916-k207	476609.000	14.115	1	256	1000	50	2	3	256	0.1	0.1	0.75	host	0	25	[inf,612545,570881,558182,551956,546707,540717,538876,536732,533722,530889,526213,523508,519021,517675,513981,512643,510394,508642,505517,504285,501626,501370,497488,496525,492650,492193,490082,489493,488355,486969,484762,484239,481805,481305,479625,479396,477934,477934,476609,476609]	#90-Ubuntu SMP Fri Jul 9 22:49:44 UTC 2021	Intel(R) Core(TM) i7-7820X CPU @ 3.60GHz	64020MiB	NVIDIA Corporation GP104 [GeForce GTX 1070] (rev a1)	 GP104 [GeForce GTX 1070]	V11.2.152	g++ (Ubuntu 9.4.0-1ubuntu1~20.04.1) 9.4.0
2022-05-13T22:13:10	dc3307dd03826c4cff76e6d71fbe41f17ccb8dc3	brkga-cuda	cvrp	X-n957-k87	203269.000	7.010	1	256	1000	50	2	3	256	0.1	0.1	0.75	host	0	25	[422407,364649,331748,314911,306146,298317,293053,286720,281783,273435,270553,262368,259826,253728,251750,248219,246948,241246,238838,236116,235322,231773,230508,227513,226855,222902,221790,218786,218004,215640,215072,212693,212274,210149,209319,207776,207393,205404,205171,203312,203269]	#90-Ubuntu SMP Fri Jul 9 22:49:44 UTC 2021	Intel(R) Core(TM) i7-7820X CPU @ 3.60GHz	64020MiB	NVIDIA Corporation GP104 [GeForce GTX 1070] (rev a1)	 GP104 [GeForce GTX 1070]	V11.2.152	g++ (Ubuntu 9.4.0-1ubuntu1~20.04.1) 9.4.0
2022-05-13T22:13:10	dc3307dd03826c4cff76e6d71fbe41f17ccb8dc3	gpu-brkga	cvrp	X-n957-k87	236977.000	5.786	1	256	1000	50	2	3	256	0.1	0.1	0.75	host	0	25	[417781,387339,354672,337053,328030,321465,314494,308804,305351,301204,296666,292398,289385,286371,283194,281332,279143,276803,275130,272371,268924,267256,265990,263835,261369,259479,257425,255506,254288,252746,250666,249693,247712,246091,244516,242833,242171,240269,239325,238387,236977]	#90-Ubuntu SMP Fri Jul 9 22:49:44 UTC 2021	Intel(R) Core(TM) i7-7820X CPU @ 3.60GHz	64020MiB	NVIDIA Corporation GP104 [GeForce GTX 1070] (rev a1)	 GP104 [GeForce GTX 1070]	V11.2.152	g++ (Ubuntu 9.4.0-1ubuntu1~20.04.1) 9.4.0
2022-05-13T22:13:10	dc3307dd03826c4cff76e6d71fbe41f17ccb8dc3	gpu-brkga-fixed	cvrp	X-n957-k87	204509.000	5.778	1	256	1000	50	2	3	256	0.1	0.1	0.75	host	0	25	[417781,387339,354672,335251,320429,310010,302046,294633,288846,285321,281156,273841,270905,264108,261321,254594,251845,246371,244782,240500,239496,236430,234990,231014,230112,226707,225769,223640,221971,219640,219025,216600,216215,214306,213623,211739,210858,208590,207628,205019,204509]	#90-Ubuntu SMP Fri Jul 9 22:49:44 UTC 2021	Intel(R) Core(TM) i7-7820X CPU @ 3.60GHz	64020MiB	NVIDIA Corporation GP104 [GeForce GTX 1070] (rev a1)	 GP104 [GeForce GTX 1070]	V11.2.152	g++ (Ubuntu 9.4.0-1ubuntu1~20.04.1) 9.4.0
2022-05-13T22:13:10	dc3307dd03826c4cff76e6d71fbe41f17ccb8dc3	brkga-api	cvrp	X-n957-k87	201080.000	14.964	1	256	1000	50	2	3	256	0.1	0.1	0.75	host	0	25	[inf,376375,336812,316785,308692,303523,298080,289427,283944,276709,273549,266627,264764,259110,257237,252520,249739,245441,243348,238256,236727,231407,230285,227336,226650,223777,222164,219004,218727,214951,213536,210795,210508,208992,208434,207036,205639,204094,203427,201581,201080]	#90-Ubuntu SMP Fri Jul 9 22:49:44 UTC 2021	Intel(R) Core(TM) i7-7820X CPU @ 3.60GHz	64020MiB	NVIDIA Corporation GP104 [GeForce GTX 1070] (rev a1)	 GP104 [GeForce GTX 1070]	V11.2.152	g++ (Ubuntu 9.4.0-1ubuntu1~20.04.1) 9.4.0
2022-05-13T22:13:10	dc3307dd03826c4cff76e6d71fbe41f17ccb8dc3	brkga-cuda	cvrp	X-n979-k58	242277.000	7.452	1	256	1000	50	2	3	256	0.1	0.1	0.75	host	0	25	[503833,432539,382924,365880,356411,348607,341338,333905,328261,323086,317845,313076,307297,304432,300320,298072,295623,291975,287632,282933,281450,277263,275226,271957,270834,266308,264735,261875,261189,257619,256925,254777,253773,251588,250736,249046,248648,245591,244997,243084,242277]	#90-Ubuntu SMP Fri Jul 9 22:49:44 UTC 2021	Intel(R) Core(TM) i7-7820X CPU @ 3.60GHz	64020MiB	NVIDIA Corporation GP104 [GeForce GTX 1070] (rev a1)	 GP104 [GeForce GTX 1070]	V11.2.152	g++ (Ubuntu 9.4.0-1ubuntu1~20.04.1) 9.4.0
2022-05-13T22:13:10	dc3307dd03826c4cff76e6d71fbe41f17ccb8dc3	gpu-brkga	cvrp	X-n979-k58	264264.000	6.256	1	256	1000	50	2	3	256	0.1	0.1	0.75	host	0	25	[502984,478303,428612,389407,361175,348431,340972,334236,327482,323613,319387,316572,313294,309632,307025,303999,300813,298740,296664,294577,292553,290297,288889,286527,284197,281859,280484,278903,277495,276435,275170,273919,272971,270738,270148,268390,267643,266785,265056,264729,264264]	#90-Ubuntu SMP Fri Jul 9 22:49:44 UTC 2021	Intel(R) Core(TM) i7-7820X CPU @ 3.60GHz	64020MiB	NVIDIA Corporation GP104 [GeForce GTX 1070] (rev a1)	 GP104 [GeForce GTX 1070]	V11.2.152	g++ (Ubuntu 9.4.0-1ubuntu1~20.04.1) 9.4.0
2022-05-13T22:13:10	dc3307dd03826c4cff76e6d71fbe41f17ccb8dc3	gpu-brkga-fixed	cvrp	X-n979-k58	245369.000	6.187	1	256	1000	50	2	3	256	0.1	0.1	0.75	host	0	25	[502984,473473,428612,393139,364510,352794,344701,340020,335675,327733,325074,318230,314076,308196,305093,300143,297470,290802,289005,283896,282132,278819,278171,274422,272811,269121,268748,266621,265743,262745,262221,259632,258759,257314,256070,252424,251808,249548,248756,246155,245369]	#90-Ubuntu SMP Fri Jul 9 22:49:44 UTC 2021	Intel(R) Core(TM) i7-7820X CPU @ 3.60GHz	64020MiB	NVIDIA Corporation GP104 [GeForce GTX 1070] (rev a1)	 GP104 [GeForce GTX 1070]	V11.2.152	g++ (Ubuntu 9.4.0-1ubuntu1~20.04.1) 9.4.0
2022-05-13T22:13:10	dc3307dd03826c4cff76e6d71fbe41f17ccb8dc3	brkga-api	cvrp	X-n979-k58	237523.000	15.487	1	256	1000	50	2	3	256	0.1	0.1	0.75	host	0	25	[inf,442478,383852,360709,350205,342995,332864,325242,321024,316877,313274,303649,298107,291207,289437,283669,281884,277843,276675,270987,269438,267420,266006,262465,261528,258820,258114,255840,254644,253066,252346,250257,249240,247206,246467,243749,243223,240696,240581,238318,237523]	#90-Ubuntu SMP Fri Jul 9 22:49:44 UTC 2021	Intel(R) Core(TM) i7-7820X CPU @ 3.60GHz	64020MiB	NVIDIA Corporation GP104 [GeForce GTX 1070] (rev a1)	 GP104 [GeForce GTX 1070]	V11.2.152	g++ (Ubuntu 9.4.0-1ubuntu1~20.04.1) 9.4.0
2022-05-13T22:13:10	dc3307dd03826c4cff76e6d71fbe41f17ccb8dc3	brkga-cuda	cvrp	X-n1001-k43	247643.000	7.577	1	256	1000	50	2	3	256	0.1	0.1	0.75	host	0	25	[518305,455762,407248,385948,373353,366004,358314,350922,345911,339587,335452,331357,328584,324613,321453,318300,314921,312512,310202,307142,304125,300104,297713,293331,292203,287942,284839,281099,279467,277360,275218,270291,267345,263478,261746,256205,255319,252263,251829,248502,247643]	#90-Ubuntu SMP Fri Jul 9 22:49:44 UTC 2021	Intel(R) Core(TM) i7-7820X CPU @ 3.60GHz	64020MiB	NVIDIA Corporation GP104 [GeForce GTX 1070] (rev a1)	 GP104 [GeForce GTX 1070]	V11.2.152	g++ (Ubuntu 9.4.0-1ubuntu1~20.04.1) 9.4.0
2022-05-13T22:13:10	dc3307dd03826c4cff76e6d71fbe41f17ccb8dc3	gpu-brkga	cvrp	X-n1001-k43	282740.000	6.349	1	256	1000	50	2	3	256	0.1	0.1	0.75	host	0	25	[518230,475700,432692,410383,399245,389673,382297,375343,371157,364742,358567,353755,350462,345899,339721,337064,334361,330852,327621,323782,319995,316762,314493,312235,310635,308775,307071,305737,303796,302461,301002,298326,297505,294837,292737,290907,289938,288539,287024,284714,282740]	#90-Ubuntu SMP Fri Jul 9 22:49:44 UTC 2021	Intel(R) Core(TM) i7-7820X CPU @ 3.60GHz	64020MiB	NVIDIA Corporation GP104 [GeForce GTX 1070] (rev a1)	 GP104 [GeForce GTX 1070]	V11.2.152	g++ (Ubuntu 9.4.0-1ubuntu1~20.04.1) 9.4.0
2022-05-13T22:13:10	dc3307dd03826c4cff76e6d71fbe41f17ccb8dc3	gpu-brkga-fixed	cvrp	X-n1001-k43	243984.000	6.373	1	256	1000	50	2	3	256	0.1	0.1	0.75	host	0	25	[518230,475700,432692,407368,386971,372763,366645,360124,354051,346548,342310,333970,330284,322266,318216,312495,309237,303082,300335,294321,291148,286503,284862,280333,278385,274860,273754,269261,267811,263933,263400,259555,257911,255886,254720,251723,250614,246860,246076,245124,243984]	#90-Ubuntu SMP Fri Jul 9 22:49:44 UTC 2021	Intel(R) Core(TM) i7-7820X CPU @ 3.60GHz	64020MiB	NVIDIA Corporation GP104 [GeForce GTX 1070] (rev a1)	 GP104 [GeForce GTX 1070]	V11.2.152	g++ (Ubuntu 9.4.0-1ubuntu1~20.04.1) 9.4.0
2022-05-13T22:13:10	dc3307dd03826c4cff76e6d71fbe41f17ccb8dc3	brkga-api	cvrp	X-n1001-k43	230300.000	15.990	1	256	1000	50	2	3	256	0.1	0.1	0.75	host	0	25	[inf,445323,396223,378743,370336,351158,345178,332247,326687,317225,313745,302220,299864,291177,289402,284437,282549,274435,272866,269966,268182,265066,264161,260085,259175,254914,253518,251373,250723,247334,246480,242925,242505,239737,239137,236477,235454,232883,232493,230770,230300]	#90-Ubuntu SMP Fri Jul 9 22:49:44 UTC 2021	Intel(R) Core(TM) i7-7820X CPU @ 3.60GHz	64020MiB	NVIDIA Corporation GP104 [GeForce GTX 1070] (rev a1)	 GP104 [GeForce GTX 1070]	V11.2.152	g++ (Ubuntu 9.4.0-1ubuntu1~20.04.1) 9.4.0
